Outcome,Coefficient,SE,t_statistic,P_Value,N_Obs,Pre_Years,Result,Project
Income,-336.01443942477374,727.4434300029363,-0.46191143608708846,0.644386294383982,420,4,Supported,NLE
Crime Rate,0.004699422171666606,0.00769134052587571,0.6110017045606684,0.5415321512206999,420,4,Supported,NLE
House Price,2933.2075000902723,16255.743122466569,0.18044130483560455,0.8568939984522332,420,4,Supported,NLE
Mobility,1.071428569293071e-4,0.010830621154022417,0.009892586529029777,0.992111728958755,420,4,Supported,NLE
Income,-623.5223142249235,704.2469646672838,-0.8853745142082394,0.3784235465989627,90,5,Supported,BRE
Crime Rate,0.0053091973686342645,0.0056517659935104575,0.9393873303902636,0.35016288626377,90,5,Supported,BRE
House Price,-5042.22857142408,6069.021474683305,-0.830814092923801,0.40837930422524993,90,5,Supported,BRE
Mobility,-0.014746428571451692,0.014164247405847033,-1.041102160172967,0.30074615014071987,90,5,Supported,BRE
