Outcome,Coefficient,SE,t_statistic,P_Value,N_Obs,Pre_Years,Result
Income,-336.01443942477374,727.4434300029363,-0.46191143608708846,0.644386294383982,420,4,Supported
Crime Rate,0.004699422171666606,0.00769134052587571,0.6110017045606684,0.5415321512206999,420,4,Supported
House Price,2933.2075000902723,16255.743122466569,0.18044130483560455,0.8568939984522332,420,4,Supported
Mobility,1.071428569293071e-4,0.010830621154022417,0.009892586529029777,0.992111728958755,420,4,Supported
